0,RootNode
1,Sphere

0.000000, 0.000000, 0.000000, 
0.000000, 0.000000, 0.000000, 
0.000000, 0.000000, 0.000000, 
0.000000, 0.000000, 0.000000, 
0.000000, 0.000000, 0.000000, 
0.000000, 0.000000, 0.000000, 
0.000000, 0.000000, 0.000000, 
0.000000, 0.000000, 0.000000, 
0.000000, 0.000000, 0.000000, 
0.000000, 0.000000, 0.000000, 
0.000000, 0.000000, 0.000000, 
0.000000, 0.000000, 0.000000, 
0.000000, 0.000000, 0.000000, 
0.000000, 0.000000, 0.000000, 
0.000000, 0.000000, 0.000000, 
0.000000, 0.000000, 0.000000, 
0.000000, 0.000000, 0.000000, 
0.000000, 0.000000, 0.000000, 
0.000000, 0.000000, 0.000000, 
0.000000, 0.000000, 0.000000, 
0.000000, 0.000000, 0.000000, 
0.000000, 0.000000, 0.000000, 
0.000000, 0.000000, 0.000000, 
0.000000, 0.000000, 0.000000, 
0.000000, 0.000000, 0.000000, 
0.000000, 0.000000, 0.000000, 
0.000000, 0.000000, 0.000000, 
0.000000, 0.000000, 0.000000, 
0.000000, 0.000000, 0.000000, 
0.000000, 0.000000, 0.000000, 
0.000000, 0.000000, 0.000000, 
0.000000, 0.000000, 0.000000, 
0.000000, 0.000000, 0.000000, 
0.000000, 0.000000, 0.000000, 
0.000000, 0.000000, 0.000000, 
0.000000, 0.000000, 0.000000, 
0.000000, 0.000000, 0.000000, 
0.000000, 0.000000, 0.000000, 
0.000000, 0.000000, 0.000000, 
0.000000, 0.000000, 0.000000, 
0.000000, 0.000000, 0.000000, 
0.000000, 0.000000, 0.000000, 
0.000000, 0.000000, 0.000000, 
0.000000, 0.000000, 0.000000, 
0.000000, 0.000000, 0.000000, 
0.000000, 0.000000, 0.000000, 
0.000000, 0.000000, 0.000000, 
0.000000, 0.000000, 0.000000, 
0.000000, 0.000000, 0.000000, 
0.000000, 0.000000, 0.000000, 
0.000000, 0.000000, 0.000000, 
0.000000, 0.000000, 0.000000, 
0.000000, 0.000000, 0.000000, 
0.000000, 0.000000, 0.000000, 
0.000000, 0.000000, 0.000000, 
0.000000, 0.000000, 0.000000, 
0.000000, 0.000000, 0.000000, 
0.000000, 0.000000, 0.000000, 
0.000000, 0.000000, 0.000000, 
0.000000, 0.000000, 0.000000, 
0.000000, 0.000000, 0.000000, 
0.000000, 0.000000, 0.000000, 
0.000000, 0.000000, 0.000000, 
0.000000, 0.000000, 0.000000, 
0.000000, 0.000000, 0.000000, 
0.000000, 0.000000, 0.000000, 
0.000000, 0.000000, 0.000000, 
0.000000, 0.000000, 0.000000, 
0.000000, 0.000000, 0.000000, 
0.000000, 0.000000, 0.000000, 
0.000000, 0.000000, 0.000000, 
0.000000, 0.000000, 0.000000, 
0.000000, 0.000000, 0.000000, 
0.000000, 0.000000, 0.000000, 
0.000000, 0.000000, 0.000000, 
0.000000, 0.000000, 0.000000, 
0.000000, 0.000000, 0.000000, 
0.000000, 0.000000, 0.000000, 
0.000000, 0.000000, 0.000000, 
0.000000, 0.000000, 0.000000, 
0.000000, 0.000000, 0.000000, 
0.000000, 0.000000, 0.000000, 
0.000000, 0.000000, 0.000000, 
0.000000, 0.000000, 0.000000, 
0.000000, 0.000000, 0.000000, 
0.000000, 0.000000, 0.000000, 
0.000000, 0.000000, 0.000000, 
0.000000, 0.000000, 0.000000, 
0.000000, 0.000000, 0.000000, 
0.000000, 0.000000, 0.000000, 
0.000000, 0.000000, 0.000000, 
0.000000, 0.000000, 0.000000, 
0.000000, 0.000000, 0.000000, 
0.000000, 0.000000, 0.000000, 
0.000000, 0.000000, 0.000000, 
0.000000, 0.000000, 0.000000, 
0.000000, 0.000000, 0.000000, 
0.000000, 0.000000, 0.000000, 
0.000000, 0.000000, 0.000000, 
0.000000, 0.000000, 0.000000, 
0.000000, 0.000000, 0.000000, 
0.000000, 0.000000, 0.000000, 
0.000000, 0.000000, 0.000000, 
0.000000, 0.000000, 0.000000, 
0.000000, 0.000000, 0.000000, 
0.000000, 0.000000, 0.000000, 
0.000000, 0.000000, 0.000000, 
0.000000, 0.000000, 0.000000, 
0.000000, 0.000000, 0.000000, 
0.000000, 0.000000, 0.000000, 
0.000000, 0.000000, 0.000000, 
0.000000, 0.000000, 0.000000, 
0.000000, 0.000000, 0.000000, 
0.000000, 0.000000, 0.000000, 
0.000000, 0.000000, 0.000000, 
0.000000, 0.000000, 0.000000, 
0.000000, 0.000000, 0.000000, 
0.000000, 0.000000, 0.000000, 
0.000000, 0.000000, 0.000000, 
0.000000, 0.000000, 0.000000, 
0.000000, 0.000000, 0.000000, 
0.000000, 0.000000, 0.000000, 
0.000000, 0.000000, 0.000000, 
0.000000, 0.000000, 0.000000, 
0.000000, 0.000000, 0.000000, 
0.000000, 0.000000, 0.000000, 
0.000000, 0.000000, 0.000000, 
0.000000, 0.000000, 0.000000, 
0.000000, 0.000000, 0.000000, 
0.000000, 0.000000, 0.000000, 
0.000000, 0.000000, 0.000000, 
0.000000, 0.000000, 0.000000, 
0.000000, 0.000000, 0.000000, 
0.000000, 0.000000, 0.000000, 
0.000000, 0.000000, 0.000000, 
0.000000, 0.000000, 0.000000, 
0.000000, 0.000000, 0.000000, 
0.000000, 0.000000, 0.000000, 
0.000000, 0.000000, 0.000000, 
0.000000, 0.000000, 0.000000, 
0.000000, 0.000000, 0.000000, 
0.000000, 0.000000, 0.000000, 
0.000000, 0.000000, 0.000000, 
0.000000, 0.000000, 0.000000, 
0.000000, 0.000000, 0.000000, 
0.000000, 0.000000, 0.000000, 
0.000000, 0.000000, 0.000000, 
0.000000, 0.000000, 0.000000, 
0.000000, 0.000000, 0.000000, 
0.000000, 0.000000, 0.000000, 
0.000000, 0.000000, 0.000000, 
0.000000, 0.000000, 0.000000, 
0.000000, 0.000000, 0.000000, 
0.000000, 0.000000, 0.000000, 
0.000000, 0.000000, 0.000000, 
0.000000, 0.000000, 0.000000, 
0.000000, 0.000000, 0.000000, 
0.000000, 0.000000, 0.000000, 
0.000000, 0.000000, 0.000000, 
0.000000, 0.000000, 0.000000, 
0.000000, 0.000000, 0.000000, 
0.000000, 0.000000, 0.000000, 
0.000000, 0.000000, 0.000000, 
0.000000, 0.000000, 0.000000, 
0.000000, 0.000000, 0.000000, 
0.000000, 0.000000, 0.000000, 
0.000000, 0.000000, 0.000000, 
0.000000, 0.000000, 0.000000, 
0.000000, 0.000000, 0.000000, 
0.000000, 0.000000, 0.000000, 
0.000000, 0.000000, 0.000000, 
0.000000, 0.000000, 0.000000, 
0.000000, 0.000000, 0.000000, 
0.000000, 0.000000, 0.000000, 
0.000000, 0.000000, 0.000000, 
0.000000, 0.000000, 0.000000, 
0.000000, 0.000000, 0.000000, 
0.000000, 0.000000, 0.000000, 
0.000000, 0.000000, 0.000000, 
0.000000, 0.000000, 0.000000, 
0.000000, 0.000000, 0.000000, 
0.000000, 0.000000, 0.000000, 
0.000000, 0.000000, 0.000000, 
0.000000, 0.000000, 0.000000, 
0.000000, 0.000000, 0.000000, 
0.000000, 0.000000, 0.000000, 
0.000000, 0.000000, 0.000000, 
0.000000, 0.000000, 0.000000, 
0.000000, 0.000000, 0.000000, 
0.000000, 0.000000, 0.000000, 
0.000000, 0.000000, 0.000000, 
0.000000, 0.000000, 0.000000, 
0.000000, 0.000000, 0.000000, 
0.000000, 0.000000, 0.000000, 
0.000000, 0.000000, 0.000000, 
0.000000, 0.000000, 0.000000, 
0.000000, 0.000000, 0.000000, 
0.000000, 0.000000, 0.000000, 
0.000000, 0.000000, 0.000000, 
0.000000, 0.000000, 0.000000, 
0.000000, 0.000000, 0.000000, 
0.000000, 0.000000, 0.000000, 
0.000000, 0.000000, 0.000000, 
0.000000, 0.000000, 0.000000, 
0.000000, 0.000000, 0.000000, 
0.000000, 0.000000, 0.000000, 
0.000000, 0.000000, 0.000000, 
0.000000, 0.000000, 0.000000, 
0.000000, 0.000000, 0.000000, 
0.000000, 0.000000, 0.000000, 
0.000000, 0.000000, 0.000000, 
0.000000, 0.000000, 0.000000, 
0.000000, 0.000000, 0.000000, 
0.000000, 0.000000, 0.000000, 
0.000000, 0.000000, 0.000000, 
0.000000, 0.000000, 0.000000, 
0.000000, 0.000000, 0.000000, 
0.000000, 0.000000, 0.000000, 
0.000000, 0.000000, 0.000000, 
0.000000, 0.000000, 0.000000, 
0.000000, 0.000000, 0.000000, 
0.000000, 0.000000, 0.000000, 
0.000000, 0.000000, 0.000000, 
0.000000, 0.000000, 0.000000, 
0.000000, 0.000000, 0.000000, 
0.000000, 0.000000, 0.000000, 
0.000000, 0.000000, 0.000000, 
0.000000, 0.000000, 0.000000, 
0.000000, 0.000000, 0.000000, 
0.000000, 0.000000, 0.000000, 
0.000000, 0.000000, 0.000000, 
0.000000, 0.000000, 0.000000, 
0.000000, 0.000000, 0.000000, 
0.000000, 0.000000, 0.000000, 
0.000000, 0.000000, 0.000000, 
0.000000, 0.000000, 0.000000, 
0.000000, 0.000000, 0.000000, 
0.000000, 0.000000, 0.000000, 
0.000000, 0.000000, 0.000000, 
0.000000, 0.000000, 0.000000, 
0.000000, 0.000000, 0.000000, 
0.000000, 0.000000, 0.000000, 
0.000000, 0.000000, 0.000000, 
0.000000, 0.000000, 0.000000, 
0.000000, 0.000000, 0.000000, 
0.000000, 0.000000, 0.000000, 
0.000000, 0.000000, 0.000000, 
0.000000, 0.000000, 0.000000, 
0.000000, 0.000000, 0.000000, 
0.000000, 0.000000, 0.000000, 
0.000000, 0.000000, 0.000000, 
0.000000, 0.000000, 0.000000, 
0.000000, 0.000000, 0.000000, 
0.000000, 0.000000, 0.000000, 
0.000000, 0.000000, 0.000000, 
0.000000, 0.000000, 0.000000, 
0.000000, 0.000000, 0.000000, 
0.000000, 0.000000, 0.000000, 
0.000000, 0.000000, 0.000000, 
0.000000, 0.000000, 0.000000, 
0.000000, 0.000000, 0.000000, 
0.000000, 0.000000, 0.000000, 
0.000000, 0.000000, 0.000000, 
0.000000, 0.000000, 0.000000, 
0.000000, 0.000000, 0.000000, 
0.000000, 0.000000, 0.000000, 
0.000000, 0.000000, 0.000000, 
0.000000, 0.000000, 0.000000, 
0.000000, 0.000000, 0.000000, 
0.000000, 0.000000, 0.000000, 
0.000000, 0.000000, 0.000000, 
0.000000, 0.000000, 0.000000, 
0.000000, 0.000000, 0.000000, 
0.000000, 0.000000, 0.000000, 
0.000000, 0.000000, 0.000000, 
0.000000, 0.000000, 0.000000, 
0.000000, 0.000000, 0.000000, 
0.000000, 0.000000, 0.000000, 
0.000000, 0.000000, 0.000000, 
0.000000, 0.000000, 0.000000, 
0.000000, 0.000000, 0.000000, 
0.000000, 0.000000, 0.000000, 
0.000000, 0.000000, 0.000000, 
0.000000, 0.000000, 0.000000, 
0.000000, 0.000000, 0.000000, 
0.000000, 0.000000, 0.000000, 
0.000000, 0.000000, 0.000000, 
0.000000, 0.000000, 0.000000, 
0.000000, 0.000000, 0.000000, 
0.000000, 0.000000, 0.000000, 
0.000000, 0.000000, 0.000000, 
0.000000, 0.000000, 0.000000, 
0.000000, 0.000000, 0.000000, 
0.000000, 0.000000, 0.000000, 
0.000000, 0.000000, 0.000000, 
0.000000, 0.000000, 0.000000, 
0.000000, 0.000000, 0.000000, 
0.000000, 0.000000, 0.000000, 
0.000000, 0.000000, 0.000000, 
0.000000, 0.000000, 0.000000, 
0.000000, 0.000000, 0.000000, 
0.000000, 0.000000, 0.000000, 
0.000000, 0.000000, 0.000000, 
0.000000, 0.000000, 0.000000, 
0.000000, 0.000000, 0.000000, 
0.000000, 0.000000, 0.000000, 
0.000000, 0.000000, 0.000000, 
0.000000, 0.000000, 0.000000, 
0.000000, 0.000000, 0.000000, 
0.000000, 0.000000, 0.000000, 
0.000000, 0.000000, 0.000000, 
0.000000, 0.000000, 0.000000, 
0.000000, 0.000000, 0.000000, 
0.000000, 0.000000, 0.000000, 
0.000000, 0.000000, 0.000000, 
0.000000, 0.000000, 0.000000, 
0.000000, 0.000000, 0.000000, 
0.000000, 0.000000, 0.000000, 
0.000000, 0.000000, 0.000000, 
0.000000, 0.000000, 0.000000, 
0.000000, 0.000000, 0.000000, 
0.000000, 0.000000, 0.000000, 
0.000000, 0.000000, 0.000000, 
0.000000, 0.000000, 0.000000, 
0.000000, 0.000000, 0.000000, 
0.000000, 0.000000, 0.000000, 
0.000000, 0.000000, 0.000000, 
0.000000, 0.000000, 0.000000, 
0.000000, 0.000000, 0.000000, 
0.000000, 0.000000, 0.000000, 
0.000000, 0.000000, 0.000000, 
0.000000, 0.000000, 0.000000, 
0.000000, 0.000000, 0.000000, 
0.000000, 0.000000, 0.000000, 
0.000000, 0.000000, 0.000000, 
0.000000, 0.000000, 0.000000, 
0.000000, 0.000000, 0.000000, 
0.000000, 0.000000, 0.000000, 
0.000000, 0.000000, 0.000000, 
0.000000, 0.000000, 0.000000, 
0.000000, 0.000000, 0.000000, 
0.000000, 0.000000, 0.000000, 
0.000000, 0.000000, 0.000000, 
0.000000, 0.000000, 0.000000, 
0.000000, 0.000000, 0.000000, 
0.000000, 0.000000, 0.000000, 
0.000000, 0.000000, 0.000000, 
0.000000, 0.000000, 0.000000, 
0.000000, 0.000000, 0.000000, 
0.000000, 0.000000, 0.000000, 
0.000000, 0.000000, 0.000000, 
0.000000, 0.000000, 0.000000, 
0.000000, 0.000000, 0.000000, 
0.000000, 0.000000, 0.000000, 
0.000000, 0.000000, 0.000000, 
0.000000, 0.000000, 0.000000, 
0.000000, 0.000000, 0.000000, 
0.000000, 0.000000, 0.000000, 
0.000000, 0.000000, 0.000000, 
0.000000, 0.000000, 0.000000, 
0.000000, 0.000000, 0.000000, 
0.000000, 0.000000, 0.000000, 
0.000000, 0.000000, 0.000000, 
0.000000, 0.000000, 0.000000, 
0.000000, 0.000000, 0.000000, 
0.000000, 0.000000, 0.000000, 
0.000000, 0.000000, 0.000000, 
0.000000, 0.000000, 0.000000, 
0.000000, 0.000000, 0.000000, 
0.000000, 0.000000, 0.000000, 
0.000000, 0.000000, 0.000000, 
0.000000, 0.000000, 0.000000, 
0.000000, 0.000000, 0.000000, 
0.000000, 0.000000, 0.000000, 
0.000000, 0.000000, 0.000000, 
0.000000, 0.000000, 0.000000, 
0.000000, 0.000000, 0.000000, 
0.000000, 0.000000, 0.000000, 
0.000000, 0.000000, 0.000000, 
0.000000, 0.000000, 0.000000, 
0.000000, 0.000000, 0.000000, 
0.000000, 0.000000, 0.000000, 
0.000000, 0.000000, 0.000000, 
0.000000, 0.000000, 0.000000, 
0.000000, 0.000000, 0.000000, 
0.000000, 0.000000, 0.000000, 
0.000000, 0.000000, 0.000000, 
0.000000, 0.000000, 0.000000, 
0.000000, 0.000000, 0.000000, 
0.000000, 0.000000, 0.000000, 
0.000000, 0.000000, 0.000000, 
0.000000, 0.000000, 0.000000, 
0.000000, 0.000000, 0.000000, 
0.000000, 0.000000, 0.000000, 
0.000000, 0.000000, 0.000000, 
0.000000, 0.000000, 0.000000, 
0.000000, 0.000000, 0.000000, 
0.000000, 0.000000, 0.000000, 
0.000000, 0.000000, 0.000000, 
0.000000, 0.000000, 0.000000, 
0.000000, 0.000000, 0.000000, 
0.000000, 0.000000, 0.000000, 
0.000000, 0.000000, 0.000000, 
0.000000, 0.000000, 0.000000, 
0.000000, 0.000000, 0.000000, 
0.000000, 0.000000, 0.000000, 
0.000000, 0.000000, 0.000000, 
0.000000, 0.000000, 0.000000, 
0.000000, 0.000000, 0.000000, 
0.000000, 0.000000, 0.000000, 
0.000000, 0.000000, 0.000000, 
0.000000, 0.000000, 0.000000, 
0.000000, 0.000000, 0.000000, 
0.000000, 0.000000, 0.000000, 
0.000000, 0.000000, 0.000000, 
0.000000, 0.000000, 0.000000, 
0.000000, 0.000000, 0.000000, 
0.000000, 0.000000, 0.000000, 
0.000000, 0.000000, 0.000000, 
0.000000, 0.000000, 0.000000, 
0.000000, 0.000000, 0.000000, 
0.000000, 0.000000, 0.000000, 
0.000000, 0.000000, 0.000000, 
0.000000, 0.000000, 0.000000, 
0.000000, 0.000000, 0.000000, 
0.000000, 0.000000, 0.000000, 
0.000000, 0.000000, 0.000000, 
0.000000, 0.000000, 0.000000, 
0.000000, 0.000000, 0.000000, 
0.000000, 0.000000, 0.000000, 
0.000000, 0.000000, 0.000000, 
0.000000, 0.000000, 0.000000, 
0.000000, 0.000000, 0.000000, 
0.000000, 0.000000, 0.000000, 
0.000000, 0.000000, 0.000000, 
0.000000, 0.000000, 0.000000, 
0.000000, 0.000000, 0.000000, 
0.000000, 0.000000, 0.000000, 
0.000000, 0.000000, 0.000000, 
0.000000, 0.000000, 0.000000, 
0.000000, 0.000000, 0.000000, 
0.000000, 0.000000, 0.000000, 
0.000000, 0.000000, 0.000000, 
0.000000, 0.000000, 0.000000, 
0.000000, 0.000000, 0.000000, 
0.000000, 0.000000, 0.000000, 
0.000000, 0.000000, 0.000000, 
0.000000, 0.000000, 0.000000, 
0.000000, 0.000000, 0.000000, 
0.000000, 0.000000, 0.000000, 
0.000000, 0.000000, 0.000000, 
0.000000, 0.000000, 0.000000, 
0.000000, 0.000000, 0.000000, 
0.000000, 0.000000, 0.000000, 
0.000000, 0.000000, 0.000000, 
0.000000, 0.000000, 0.000000, 
0.000000, 0.000000, 0.000000, 
0.000000, 0.000000, 0.000000, 
0.000000, 0.000000, 0.000000, 
0.000000, 0.000000, 0.000000, 
0.000000, 0.000000, 0.000000, 
0.000000, 0.000000, 0.000000, 
0.000000, 0.000000, 0.000000, 
0.000000, 0.000000, 0.000000, 
0.000000, 0.000000, 0.000000, 
0.000000, 0.000000, 0.000000, 
0.000000, 0.000000, 0.000000, 
0.000000, 0.000000, 0.000000, 
0.000000, 0.000000, 0.000000, 
0.000000, 0.000000, 0.000000, 
0.000000, 0.000000, 0.000000, 
0.000000, 0.000000, 0.000000, 
0.000000, 0.000000, 0.000000, 
0.000000, 0.000000, 0.000000, 
0.000000, 0.000000, 0.000000, 
0.000000, 0.000000, 0.000000, 
0.000000, 0.000000, 0.000000, 
0.000000, 0.000000, 0.000000, 
0.000000, 0.000000, 0.000000, 
0.000000, 0.000000, 0.000000, 
0.000000, 0.000000, 0.000000, 
0.000000, 0.000000, 0.000000, 
0.000000, 0.000000, 0.000000, 
0.000000, 0.000000, 0.000000, 
0.000000, 0.000000, 0.000000, 
0.000000, 0.000000, 0.000000, 
0.000000, 0.000000, 0.000000, 
0.000000, 0.000000, 0.000000, 
0.000000, 0.000000, 0.000000, 
0.000000, 0.000000, 0.000000, 
0.000000, 0.000000, 0.000000, 
0.000000, 0.000000, 0.000000, 
0.000000, 0.000000, 0.000000, 
0.000000, 0.000000, 0.000000, 
0.000000, 0.000000, 0.000000, 
0.000000, 0.000000, 0.000000, 
0.000000, 0.000000, 0.000000, 
0.000000, 0.000000, 0.000000, 
0.000000, 0.000000, 0.000000, 
0.000000, 0.000000, 0.000000, 
0.000000, 0.000000, 0.000000, 
0.000000, 0.000000, 0.000000, 
0.000000, 0.000000, 0.000000, 
0.000000, 0.000000, 0.000000, 
0.000000, 0.000000, 0.000000, 
0.000000, 0.000000, 0.000000, 
0.000000, 0.000000, 0.000000, 
0.000000, 0.000000, 0.000000, 
0.000000, 0.000000, 0.000000, 
0.000000, 0.000000, 0.000000, 
0.000000, 0.000000, 0.000000, 
0.000000, 0.000000, 0.000000, 
0.000000, 0.000000, 0.000000, 
0.000000, 0.000000, 0.000000, 
0.000000, 0.000000, 0.000000, 
0.000000, 0.000000, 0.000000, 
0.000000, 0.000000, 0.000000, 
0.000000, 0.000000, 0.000000, 
0.000000, 0.000000, 0.000000, 
0.000000, 0.000000, 0.000000, 
0.000000, 0.000000, 0.000000, 
0.000000, 0.000000, 0.000000, 
0.000000, 0.000000, 0.000000, 
0.000000, 0.000000, 0.000000, 
0.000000, 0.000000, 0.000000, 
0.000000, 0.000000, 0.000000, 
0.000000, 0.000000, 0.000000, 
0.000000, 0.000000, 0.000000, 
0.000000, 0.000000, 0.000000, 
0.000000, 0.000000, 0.000000, 
0.000000, 0.000000, 0.000000, 
0.000000, 0.000000, 0.000000, 
0.000000, 0.000000, 0.000000, 
0.000000, 0.000000, 0.000000, 
0.000000, 0.000000, 0.000000, 
0.000000, 0.000000, 0.000000, 
0.000000, 0.000000, 0.000000, 
0.000000, 0.000000, 0.000000, 
0.000000, 0.000000, 0.000000, 
0.000000, 0.000000, 0.000000, 
0.000000, 0.000000, 0.000000, 
0.000000, 0.000000, 0.000000, 
0.000000, 0.000000, 0.000000, 
0.000000, 0.000000, 0.000000, 
0.000000, 0.000000, 0.000000, 
0.000000, 0.000000, 0.000000, 
0.000000, 0.000000, 0.000000, 
0.000000, 0.000000, 0.000000, 
0.000000, 0.000000, 0.000000, 
0.000000, 0.000000, 0.000000, 
0.000000, 0.000000, 0.000000, 
0.000000, 0.000000, 0.000000, 
0.000000, 0.000000, 0.000000, 
0.000000, 0.000000, 0.000000, 
0.000000, 0.000000, 0.000000, 
0.000000, 0.000000, 0.000000, 
0.000000, 0.000000, 0.000000, 
0.000000, 0.000000, 0.000000, 
0.000000, 0.000000, 0.000000, 
0.000000, 0.000000, 0.000000, 
0.000000, 0.000000, 0.000000, 
0.000000, 0.000000, 0.000000, 
0.000000, 0.000000, 0.000000, 
0.000000, 0.000000, 0.000000, 
0.000000, 0.000000, 0.000000, 
0.000000, 0.000000, 0.000000, 
0.000000, 0.000000, 0.000000, 
0.000000, 0.000000, 0.000000, 
0.000000, 0.000000, 0.000000, 
0.000000, 0.000000, 0.000000, 
0.000000, 0.000000, 0.000000, 
0.000000, 0.000000, 0.000000, 
0.000000, 0.000000, 0.000000, 
0.000000, 0.000000, 0.000000, 
0.000000, 0.000000, 0.000000, 
0.000000, 0.000000, 0.000000, 
0.000000, 0.000000, 0.000000, 
0.000000, 0.000000, 0.000000, 
0.000000, 0.000000, 0.000000, 
0.000000, 0.000000, 0.000000, 
0.000000, 0.000000, 0.000000, 
0.000000, 0.000000, 0.000000, 
0.000000, 0.000000, 0.000000, 
0.000000, 0.000000, 0.000000, 
0.000000, 0.000000, 0.000000, 
0.000000, 0.000000, 0.000000, 
0.000000, 0.000000, 0.000000, 
0.000000, 0.000000, 0.000000, 
0.000000, 0.000000, 0.000000, 
0.000000, 0.000000, 0.000000, 
0.000000, 0.000000, 0.000000, 
0.000000, 0.000000, 0.000000, 
0.000000, 0.000000, 0.000000, 
0.000000, 0.000000, 0.000000, 
0.000000, 0.000000, 0.000000, 
0.000000, 0.000000, 0.000000, 
0.000000, 0.000000, 0.000000, 
0.000000, 0.000000, 0.000000, 
0.000000, 0.000000, 0.000000, 
0.000000, 0.000000, 0.000000, 
0.000000, 0.000000, 0.000000, 
0.000000, 0.000000, 0.000000, 
0.000000, 0.000000, 0.000000, 
0.000000, 0.000000, 0.000000, 
0.000000, 0.000000, 0.000000, 
0.000000, 0.000000, 0.000000, 
0.000000, 0.000000, 0.000000, 
0.000000, 0.000000, 0.000000, 
0.000000, 0.000000, 0.000000, 
0.000000, 0.000000, 0.000000, 
0.000000, 0.000000, 0.000000, 
0.000000, 0.000000, 0.000000, 
0.000000, 0.000000, 0.000000, 
0.000000, 0.000000, 0.000000, 
0.000000, 0.000000, 0.000000, 
0.000000, 0.000000, 0.000000, 
0.000000, 0.000000, 0.000000, 
0.000000, 0.000000, 0.000000, 
0.000000, 0.000000, 0.000000, 
0.000000, 0.000000, 0.000000, 
0.000000, 0.000000, 0.000000, 
0.000000, 0.000000, 0.000000, 
0.000000, 0.000000, 0.000000, 
0.000000, 0.000000, 0.000000, 
0.000000, 0.000000, 0.000000, 
0.000000, 0.000000, 0.000000, 
0.000000, 0.000000, 0.000000, 
0.000000, 0.000000, 0.000000, 
0.000000, 0.000000, 0.000000, 
0.000000, 0.000000, 0.000000, 
0.000000, 0.000000, 0.000000, 
0.000000, 0.000000, 0.000000, 
0.000000, 0.000000, 0.000000, 
0.000000, 0.000000, 0.000000, 
0.000000, 0.000000, 0.000000, 
0.000000, 0.000000, 0.000000, 
0.000000, 0.000000, 0.000000, 
0.000000, 0.000000, 0.000000, 
0.000000, 0.000000, 0.000000, 
0.000000, 0.000000, 0.000000, 
0.000000, 0.000000, 0.000000, 
0.000000, 0.000000, 0.000000, 
0.000000, 0.000000, 0.000000, 
0.000000, 0.000000, 0.000000, 
0.000000, 0.000000, 0.000000, 
0.000000, 0.000000, 0.000000, 
0.000000, 0.000000, 0.000000, 
0.000000, 0.000000, 0.000000, 
0.000000, 0.000000, 0.000000, 
0.000000, 0.000000, 0.000000, 
0.000000, 0.000000, 0.000000, 
0.000000, 0.000000, 0.000000, 
0.000000, 0.000000, 0.000000, 
0.000000, 0.000000, 0.000000, 
0.000000, 0.000000, 0.000000, 
0.000000, 0.000000, 0.000000, 
0.000000, 0.000000, 0.000000, 
0.000000, 0.000000, 0.000000, 
0.000000, 0.000000, 0.000000, 
0.000000, 0.000000, 0.000000, 
0.000000, 0.000000, 0.000000, 
0.000000, 0.000000, 0.000000, 
0.000000, 0.000000, 0.000000, 
0.000000, 0.000000, 0.000000, 
0.000000, 0.000000, 0.000000, 
0.000000, 0.000000, 0.000000, 
0.000000, 0.000000, 0.000000, 
0.000000, 0.000000, 0.000000, 
0.000000, 0.000000, 0.000000, 
0.000000, 0.000000, 0.000000, 
0.000000, 0.000000, 0.000000, 
0.000000, 0.000000, 0.000000, 
0.000000, 0.000000, 0.000000, 
0.000000, 0.000000, 0.000000, 
0.000000, 0.000000, 0.000000, 
0.000000, 0.000000, 0.000000, 
0.000000, 0.000000, 0.000000, 
0.000000, 0.000000, 0.000000, 
0.000000, 0.000000, 0.000000, 
0.000000, 0.000000, 0.000000, 
0.000000, 0.000000, 0.000000, 
0.000000, 0.000000, 0.000000, 
0.000000, 0.000000, 0.000000, 
0.000000, 0.000000, 0.000000, 
0.000000, 0.000000, 0.000000, 
0.000000, 0.000000, 0.000000, 
0.000000, 0.000000, 0.000000, 
0.000000, 0.000000, 0.000000, 
0.000000, 0.000000, 0.000000, 
0.000000, 0.000000, 0.000000, 
0.000000, 0.000000, 0.000000, 
0.000000, 0.000000, 0.000000, 
0.000000, 0.000000, 0.000000, 
0.000000, 0.000000, 0.000000, 
0.000000, 0.000000, 0.000000, 
0.000000, 0.000000, 0.000000, 
0.000000, 0.000000, 0.000000, 
0.000000, 0.000000, 0.000000, 
0.000000, 0.000000, 0.000000, 
0.000000, 0.000000, 0.000000, 
0.000000, 0.000000, 0.000000, 
0.000000, 0.000000, 0.000000, 
0.000000, 0.000000, 0.000000, 
0.000000, 0.000000, 0.000000, 
0.000000, 0.000000, 0.000000, 
0.000000, 0.000000, 0.000000, 
0.000000, 0.000000, 0.000000, 
0.000000, 0.000000, 0.000000, 
0.000000, 0.000000, 0.000000, 
0.000000, 0.000000, 0.000000, 
0.000000, 0.000000, 0.000000, 
0.000000, 0.000000, 0.000000, 
0.000000, 0.000000, 0.000000, 
0.000000, 0.000000, 0.000000, 
0.000000, 0.000000, 0.000000, 
0.000000, 0.000000, 0.000000, 
0.000000, 0.000000, 0.000000, 
0.000000, 0.000000, 0.000000, 
0.000000, 0.000000, 0.000000, 
0.000000, 0.000000, 0.000000, 
0.000000, 0.000000, 0.000000, 
0.000000, 0.000000, 0.000000, 
0.000000, 0.000000, 0.000000, 
0.000000, 0.000000, 0.000000, 
0.000000, 0.000000, 0.000000, 
0.000000, 0.000000, 0.000000, 
0.000000, 0.000000, 0.000000, 
0.000000, 0.000000, 0.000000, 
0.000000, 0.000000, 0.000000, 
0.000000, 0.000000, 0.000000, 
0.000000, 0.000000, 0.000000, 
0.000000, 0.000000, 0.000000, 
0.000000, 0.000000, 0.000000, 
0.000000, 0.000000, 0.000000, 
0.000000, 0.000000, 0.000000, 
0.000000, 0.000000, 0.000000, 
0.000000, 0.000000, 0.000000, 
0.000000, 0.000000, 0.000000, 
0.000000, 0.000000, 0.000000, 
0.000000, 0.000000, 0.000000, 
0.000000, 0.000000, 0.000000, 
0.000000, 0.000000, 0.000000, 
0.000000, 0.000000, 0.000000, 
0.000000, 0.000000, 0.000000, 
0.000000, 0.000000, 0.000000, 
0.000000, 0.000000, 0.000000, 
0.000000, 0.000000, 0.000000, 
0.000000, 0.000000, 0.000000, 
0.000000, 0.000000, 0.000000, 
0.000000, 0.000000, 0.000000, 
0.000000, 0.000000, 0.000000, 
0.000000, 0.000000, 0.000000, 
0.000000, 0.000000, 0.000000, 
0.000000, 0.000000, 0.000000, 
0.000000, 0.000000, 0.000000, 
0.000000, 0.000000, 0.000000, 
